<?xml version="1.0" encoding="UTF-8"?>
<ehcache xmlns:xsi="http://www.w3.org/2001/XMLSchema-instance" 
		xsi:noNamespaceSchemaLocation="http://ehcache.org/ehcache.xsd" 
		updateCheck="false"
		monitoring="autodetect" 
		dynamicConfig="true">
		
	<!-- <diskStore path="D://diskStore" />-->
		<diskStore path="java.io.tmpdir" />
		
	<defaultCache 
            maxElementsInMemory="10000"
            maxElementsOnDisk="10000000"
            eternal="false" 
            overflowToDisk="true" 
            timeToIdleSeconds="120" 
            timeToLiveSeconds="120" 
            diskPersistent="false" 
            diskExpiryThreadIntervalSeconds="120" 
            memoryStoreEvictionPolicy="LRU" 
            /> 
     <cache name="shiro.authorizationCache"
			maxElementsInMemory="100"
			eternal="false"
			timeToLiveSeconds="600"
			overflowToDisk="false"/> 
   <cache name="shiro-activeSessionCache"
           maxEntriesLocalHeap="10000"
           overflowToDisk="true"
           eternal="true"
           diskPersistent="false"
           timeToLiveSeconds="0"
           timeToIdleSeconds="0" 
           statistics="true"/>
   <cache name="shiro-kickout-session"
           maxEntriesLocalHeap="2000"
           eternal="false"
           timeToIdleSeconds="3600"
           timeToLiveSeconds="0"
           overflowToDisk="false"
           statistics="true">
    </cache>      
           <!--  -->
            <!-- 
     <cache name="org.hibernate.cache.internal.StandardQueryCache"
        maxElementsInMemory="50"
        eternal="false"
        timeToLiveSeconds="120"
        overflowToDisk="true" />
 		
    <cache name="org.hibernate.cache.spi.UpdateTimestampsCache"
        maxElementsInMemory="5000"
        eternal="true"
        overflowToDisk="true" />  
        -->
        
    <!--
	name：Cache的唯一标识
	maxElementsInMemory：内存中最大缓存对象数
	maxElementsOnDisk：磁盘中最大缓存对象数，若是0表示无穷大
	eternal：Element是否永久有效，一但设置了，timeout将不起作用
	overflowToDisk：配置此属性，当内存中Element数量达到maxElementsInMemory时，Ehcache将会Element写到磁盘中
	timeToIdleSeconds：设置Element在失效前的允许闲置时间。仅当element不是永久有效时使用，可选属性，默认值是0，也就是可闲置时间无穷大
	timeToLiveSeconds：设置Element在失效前允许存活时间。最大时间介于创建时间和失效时间之间。仅当element不是永久有效时使用，默认是0.，也就是element存活时间无穷大 
	diskPersistent：是否缓存虚拟机重启期数据
	diskExpiryThreadIntervalSeconds：磁盘失效线程运行时间间隔，默认是120秒
	diskSpoolBufferSizeMB：这个参数设置DiskStore（磁盘缓存）的缓存区大小。默认是30MB。每个Cache都应该有自己的一个缓冲区
	memoryStoreEvictionPolicy：当达到maxElementsInMemory限制时，Ehcache将会根据指定的策略去清理内存。默认策略是LRU（最近最少使用）。你可以设置为FIFO（先进先出）或是LFU（较少使用） 
	-->
 
</ehcache>
